NAME,total_pop,male_pop,female_pop,median_age,median_income,state,county,tract,male_percent,female_percent,mean_travel_time,total_commute,car_truck_van,car_truck_van_alone,car_truck_van_carpooled,public_transport,walked,bycicle
"Census Tract 103, Allegheny County, Pennsylvania",6491,3655,2836,21.6,22292,42,3,10300,0.563087352,0.436912648,15.4,1517,39,28.7,10.2,5.7,48.1,1.3
"Census Tract 201, Allegheny County, Pennsylvania",4212,1959,2253,28.9,72642,42,3,20100,0.465099715,0.534900285,17.7,2492,36.7,31.5,5.3,10.7,43.9,1.2
"Census Tract 203, Allegheny County, Pennsylvania",821,439,382,34.3,93125,42,3,20300,0.534713764,0.465286236,18.6,677,65.1,57.3,7.8,8,13.1,1
"Census Tract 305, Allegheny County, Pennsylvania",2292,1069,1223,40.3,18730,42,3,30500,0.466404887,0.533595113,22.3,704,52.4,48.3,4.1,23.9,18.6,0
"Census Tract 402, Allegheny County, Pennsylvania",1609,530,1079,24,16250,42,3,40200,0.329397141,0.670602859,17.4,547,40.8,33.8,6.9,20.7,26.9,0
"Census Tract 404, Allegheny County, Pennsylvania",1977,922,1055,27.9,24803,42,3,40400,0.466363177,0.533636823,20.1,740,39.5,35.3,4.2,12.2,41.9,0
"Census Tract 405, Allegheny County, Pennsylvania",3724,1382,2342,21.4,17275,42,3,40500,0.371106337,0.628893663,16.1,1891,24.7,17.1,7.7,14.6,54.9,1.6
"Census Tract 406, Allegheny County, Pennsylvania",1938,978,960,22.2,19659,42,3,40600,0.504643963,0.495356037,20.1,1108,36.4,31.1,5.2,13.3,49.1,1.3
"Census Tract 409, Allegheny County, Pennsylvania",3007,1886,1121,23.2,21940,42,3,40900,0.627203193,0.372796807,20.2,1459,47.8,43,4.9,12.5,30.8,3.8
"Census Tract 501, Allegheny County, Pennsylvania",2087,737,1350,35.5,19608,42,3,50100,0.353138476,0.646861524,29.9,808,49.3,39.2,10,38.7,12,0
"Census Tract 506, Allegheny County, Pennsylvania",1772,665,1107,54.2,36642,42,3,50600,0.375282167,0.624717833,19.7,655,56.2,40.9,15.3,16.2,17.6,0
"Census Tract 509, Allegheny County, Pennsylvania",1367,525,842,26.3,14281,42,3,50900,0.38405267,0.61594733,26.9,349,42.7,22.9,19.8,48.4,8.9,0
"Census Tract 510, Allegheny County, Pennsylvania",2163,1066,1097,19.9,16373,42,3,51000,0.492834027,0.507165973,18.3,740,34.9,30.8,4.1,32.7,29.5,0
"Census Tract 511, Allegheny County, Pennsylvania",187,95,92,38.8,20313,42,3,51100,0.50802139,0.49197861,-999999999,51,19.6,19.6,0,80.4,0,0
"Census Tract 603, Allegheny County, Pennsylvania",2533,1237,1296,33.3,51964,42,3,60300,0.488353731,0.511646269,22.3,1566,52.5,44.6,7.9,14.1,21.2,4.4
"Census Tract 605, Allegheny County, Pennsylvania",1299,677,622,37.2,36786,42,3,60500,0.521170131,0.478829869,17.8,832,59.5,48,11.5,15.1,14.1,4.2
"Census Tract 703, Allegheny County, Pennsylvania",2024,893,1131,29.4,56136,42,3,70300,0.441205534,0.558794466,19.6,1189,60.9,51.8,9.1,16.3,13.3,1.7
"Census Tract 705, Allegheny County, Pennsylvania",3161,1485,1676,27.3,50838,42,3,70500,0.469788042,0.530211958,22.8,2145,58.2,52.8,5.4,25.5,10.9,2.5
"Census Tract 706, Allegheny County, Pennsylvania",1978,1027,951,29.6,48719,42,3,70600,0.519211325,0.480788675,22.2,1379,56.6,53.7,2.9,31.4,7.1,3.1
"Census Tract 708, Allegheny County, Pennsylvania",1851,944,907,30.5,50972,42,3,70800,0.509994598,0.490005402,23.8,987,59.4,52.8,6.6,25.1,8.3,1.4
"Census Tract 709, Allegheny County, Pennsylvania",4594,2590,2004,27.4,30359,42,3,70900,0.563778842,0.436221158,21.7,2450,38.9,32.1,6.8,27.1,26.2,3.7
"Census Tract 802, Allegheny County, Pennsylvania",1640,796,844,33.1,40784,42,3,80200,0.485365854,0.514634146,29.8,1008,53.5,45.5,7.9,17.9,17.9,4.2
"Census Tract 804, Allegheny County, Pennsylvania",1469,957,512,28.4,32750,42,3,80400,0.651463581,0.348536419,20.3,946,49.4,38.6,10.8,19.2,17,5.7
"Census Tract 806, Allegheny County, Pennsylvania",2098,996,1102,30.8,55611,42,3,80600,0.474737846,0.525262154,23.7,1378,51.5,44.8,6.7,17.5,16.3,12.6
"Census Tract 807, Allegheny County, Pennsylvania",1927,870,1057,30,35057,42,3,80700,0.451478983,0.548521017,21.3,1238,38.4,30.4,8.1,23.8,20,13.4
"Census Tract 809, Allegheny County, Pennsylvania",1788,862,926,31.7,51458,42,3,80900,0.482102908,0.517897092,23.5,1217,52.8,44.3,8.5,24.3,13.1,6.7
"Census Tract 901, Allegheny County, Pennsylvania",1858,948,910,33.2,52708,42,3,90100,0.51022605,0.48977395,25.4,1237,71,62.9,8.1,12.3,4.4,7.7
"Census Tract 902, Allegheny County, Pennsylvania",2789,1325,1464,38.6,53115,42,3,90200,0.475080674,0.524919326,22.1,1636,56.7,50.4,6.4,18,17.1,1.9
"Census Tract 903, Allegheny County, Pennsylvania",1680,835,845,31.9,37372,42,3,90300,0.49702381,0.50297619,23.2,867,54.1,51.2,2.9,24.5,11.4,8.1
"Census Tract 1005, Allegheny County, Pennsylvania",2145,998,1147,39.4,46308,42,3,100500,0.465268065,0.534731935,22.9,1002,80.2,74.4,5.9,10.7,2.3,2.1
"Census Tract 1011, Allegheny County, Pennsylvania",2536,1254,1282,31.8,37500,42,3,101100,0.494479495,0.505520505,23.9,1594,66.2,62.3,4,21.6,9.7,0.6
"Census Tract 1014, Allegheny County, Pennsylvania",3299,1490,1809,39.1,50283,42,3,101400,0.451652016,0.548347984,24.5,1692,78.1,65.7,12.5,15.7,1.5,0.7
"Census Tract 1016, Allegheny County, Pennsylvania",1071,421,650,22.9,27019,42,3,101600,0.39309057,0.60690943,31,271,56.1,43.2,12.9,28.4,9.6,0.7
"Census Tract 1017, Allegheny County, Pennsylvania",1405,651,754,35.9,33494,42,3,101700,0.463345196,0.536654804,21.9,640,64.2,49.8,14.4,10.9,11.6,10.8
"Census Tract 1018, Allegheny County, Pennsylvania",2539,1204,1335,44.7,57500,42,3,101800,0.474202442,0.525797558,22.4,1402,86.7,77.5,9.2,6.6,2.3,2.8
"Census Tract 1102, Allegheny County, Pennsylvania",4326,2184,2142,35.7,51563,42,3,110200,0.504854369,0.495145631,25.2,2365,62.3,50.5,11.8,26.6,5.5,2.3
"Census Tract 1106, Allegheny County, Pennsylvania",2559,1205,1354,36.2,65104,42,3,110600,0.470887065,0.529112935,23.4,1245,74.4,72.1,2.2,9.8,0.7,9.4
"Census Tract 1113, Allegheny County, Pennsylvania",2698,1329,1369,34.3,37114,42,3,111300,0.492587102,0.507412898,28.7,1433,60.1,51.6,8.5,19.1,5,6
"Census Tract 1114, Allegheny County, Pennsylvania",1388,605,783,36.2,26518,42,3,111400,0.435878963,0.564121037,27.6,585,48.4,43.9,4.4,34.9,13.3,0.5
"Census Tract 1115, Allegheny County, Pennsylvania",3000,1196,1804,30.9,24073,42,3,111500,0.398666667,0.601333333,21.7,1322,57.5,46.8,10.7,30.9,9.5,1.9
"Census Tract 1203, Allegheny County, Pennsylvania",1661,728,933,43.9,29444,42,3,120300,0.438290187,0.561709813,29.1,583,58.7,50.4,8.2,40.7,0,0
"Census Tract 1204, Allegheny County, Pennsylvania",694,328,366,42.1,16786,42,3,120400,0.472622478,0.527377522,31.3,185,43.2,28.1,15.1,50.3,6.5,0
"Census Tract 1207, Allegheny County, Pennsylvania",863,327,536,54.1,24083,42,3,120700,0.378910776,0.621089224,19.4,280,54.3,35.7,18.6,32.1,13.2,0
"Census Tract 1208, Allegheny County, Pennsylvania",758,399,359,53.3,26875,42,3,120800,0.526385224,0.473614776,34.7,124,62.1,56.5,5.6,29.8,6.5,0
"Census Tract 1301, Allegheny County, Pennsylvania",1757,737,1020,28.1,16250,42,3,130100,0.419464997,0.580535003,24.8,459,60.6,51.4,9.2,22.9,7.4,0
"Census Tract 1302, Allegheny County, Pennsylvania",1518,585,933,27.5,32650,42,3,130200,0.385375494,0.614624506,29,401,48.4,48.4,0,37.7,14,0
"Census Tract 1303, Allegheny County, Pennsylvania",1413,535,878,43.4,16200,42,3,130300,0.378627035,0.621372965,25.7,412,40.5,38.8,1.7,42.2,1.9,0
"Census Tract 1304, Allegheny County, Pennsylvania",1069,438,631,32.6,24141,42,3,130400,0.409728718,0.590271282,24.4,314,48.1,43,5.1,24.5,22,0
"Census Tract 1306, Allegheny County, Pennsylvania",2804,1159,1645,38.2,22465,42,3,130600,0.413338088,0.586661912,30.1,916,59.2,51.5,7.6,20.2,4.9,0
"Census Tract 1401, Allegheny County, Pennsylvania",5367,2901,2466,20.5,164886,42,3,140100,0.540525433,0.459474567,16.1,2052,40.7,34.9,5.8,7.6,37.5,1.6
"Census Tract 1402, Allegheny County, Pennsylvania",2481,1024,1457,26.4,66250,42,3,140200,0.4127368,0.5872632,19,1245,47.6,43,4.6,17.3,22.4,2.1
"Census Tract 1403, Allegheny County, Pennsylvania",3629,1848,1781,33.9,106175,42,3,140300,0.509231193,0.490768807,20.6,2007,71,64,7,14.8,4,1.7
"Census Tract 1404, Allegheny County, Pennsylvania",2355,1109,1246,42.5,129432,42,3,140400,0.470912951,0.529087049,21.1,1326,66.5,57.5,9,6.4,8.2,10.8
"Census Tract 1405, Allegheny County, Pennsylvania",1887,924,963,32.4,58405,42,3,140500,0.489666137,0.510333863,18.8,1240,64.3,55.8,8.5,20.6,5,1.5
"Census Tract 1406, Allegheny County, Pennsylvania",3204,1512,1692,37.3,75982,42,3,140600,0.471910112,0.528089888,25.1,1936,62.3,54.5,7.9,16.9,7.1,6.1
"Census Tract 1408, Allegheny County, Pennsylvania",4651,2363,2288,34.4,70231,42,3,140800,0.508062782,0.491937218,21.4,2505,63.3,54.2,9.1,17.8,9.9,3.1
"Census Tract 1410, Allegheny County, Pennsylvania",1059,554,505,40.1,67188,42,3,141000,0.523135033,0.476864967,26.4,525,64.4,56,8.4,23.8,1,4.6
"Census Tract 1411, Allegheny County, Pennsylvania",1321,704,617,44.7,65313,42,3,141100,0.532929599,0.467070401,25.5,704,82.4,77.4,5,13.4,0.6,0
"Census Tract 1413, Allegheny County, Pennsylvania",5399,2550,2849,33.1,46414,42,3,141300,0.472309687,0.527690313,23.6,2748,54.3,42.2,12.1,28.6,11.6,3.1
"Census Tract 1414, Allegheny County, Pennsylvania",5690,2465,3225,38.9,64970,42,3,141400,0.433216169,0.566783831,22.7,2819,76.4,70.3,6.1,17.2,2.8,0
"Census Tract 1516, Allegheny County, Pennsylvania",2702,1274,1428,36.8,64236,42,3,151600,0.471502591,0.528497409,23.1,1499,70.2,55,15.1,15.3,3.5,2
"Census Tract 1517, Allegheny County, Pennsylvania",5257,2584,2673,33.8,62329,42,3,151700,0.491535096,0.508464904,23.2,3189,72.5,65.9,6.6,17.9,3,0.7
"Census Tract 1608, Allegheny County, Pennsylvania",2927,1743,1184,30.7,44878,42,3,160800,0.595490263,0.404509737,26,1759,72.4,62.4,9.9,15.6,7.7,0.4
"Census Tract 1609, Allegheny County, Pennsylvania",3284,1665,1619,28.6,53992,42,3,160900,0.507003654,0.492996346,20.6,1995,73.6,64.8,8.9,9,10,4.4
"Census Tract 1702, Allegheny County, Pennsylvania",3506,2045,1461,28.3,48837,42,3,170200,0.583285796,0.416714204,22,2635,52.1,48.7,3.4,17.3,17,6.8
"Census Tract 1706, Allegheny County, Pennsylvania",1729,1079,650,33.3,45508,42,3,170600,0.62406015,0.37593985,25.1,1069,71,64.5,6.5,15.6,7.4,0.5
"Census Tract 1803, Allegheny County, Pennsylvania",2293,932,1361,34.5,27656,42,3,180300,0.406454427,0.593545573,23.6,787,63.8,52.1,11.7,26.6,2.7,0
"Census Tract 1807, Allegheny County, Pennsylvania",2200,1204,996,33.8,38576,42,3,180700,0.547272727,0.452727273,20,1151,79.5,72.5,7,14,1.8,1.8
"Census Tract 1903, Allegheny County, Pennsylvania",1857,958,899,40,68558,42,3,190300,0.515885837,0.484114163,24.1,1134,65.2,60.7,4.5,22,6.2,1.7
"Census Tract 1911, Allegheny County, Pennsylvania",2581,1330,1251,36.8,62036,42,3,191100,0.515304146,0.484695854,22.2,1527,87.3,78.5,8.8,6.5,2.8,0
"Census Tract 1914, Allegheny County, Pennsylvania",2736,1232,1504,31.9,44792,42,3,191400,0.450292398,0.549707602,28.5,1817,68.1,63.5,4.7,17.3,8.6,0.7
"Census Tract 1915, Allegheny County, Pennsylvania",1885,1087,798,30.9,37301,42,3,191500,0.576657825,0.423342175,28,1152,65.9,59.8,6.1,29.7,2,0
"Census Tract 1916, Allegheny County, Pennsylvania",4378,2265,2113,39.6,49556,42,3,191600,0.517359525,0.482640475,25.9,2312,78,68.2,9.9,19,0.9,0
"Census Tract 1917, Allegheny County, Pennsylvania",3732,1890,1842,36.2,52667,42,3,191700,0.506430868,0.493569132,25.8,1937,81.3,67.7,13.5,12.8,1.4,0
"Census Tract 1918, Allegheny County, Pennsylvania",5278,2605,2673,38.8,56364,42,3,191800,0.493558166,0.506441834,25.4,2556,81.1,71.2,9.9,5.8,4.1,2
"Census Tract 1919, Allegheny County, Pennsylvania",1904,969,935,38.1,50568,42,3,191900,0.508928571,0.491071429,26.9,1012,80.3,78,2.4,12.3,2,0
"Census Tract 1920, Allegheny County, Pennsylvania",3785,1803,1982,38.7,45441,42,3,192000,0.476354029,0.523645971,24.3,1814,79.5,68.6,10.9,18.3,0.4,0
"Census Tract 2022, Allegheny County, Pennsylvania",2923,1409,1514,34.9,43750,42,3,202200,0.482039001,0.517960999,23.6,1190,64.1,52.3,11.8,24.4,6.2,1.5
"Census Tract 2023, Allegheny County, Pennsylvania",3876,1939,1937,41.3,60820,42,3,202300,0.500257998,0.499742002,20.4,2329,87.5,72.6,14.9,5.5,3.5,0
"Census Tract 2107, Allegheny County, Pennsylvania",2072,954,1118,34.3,40711,42,3,210700,0.46042471,0.53957529,21.7,1080,57.9,51.1,6.8,20.1,8.7,0.9
"Census Tract 2206, Allegheny County, Pennsylvania",1636,833,803,39,41076,42,3,220600,0.509168704,0.490831296,21,959,56.6,49.2,7.4,11.4,19.5,2.5
"Census Tract 2406, Allegheny County, Pennsylvania",2222,1130,1092,39.5,44028,42,3,240600,0.508550855,0.491449145,24.3,1197,65,54.6,10.4,19.5,11.5,1
"Census Tract 2412, Allegheny County, Pennsylvania",823,450,373,49.4,31314,42,3,241200,0.546780073,0.453219927,24.9,383,65.5,56.7,8.9,20.6,12.8,0
"Census Tract 2503, Allegheny County, Pennsylvania",1320,679,641,32.9,39500,42,3,250300,0.514393939,0.485606061,22.7,669,53.8,50.7,3.1,15.4,25,0
"Census Tract 2507, Allegheny County, Pennsylvania",712,331,381,34.2,20000,42,3,250700,0.46488764,0.53511236,22.6,242,46.7,33.9,12.8,23.1,25.6,0
"Census Tract 2509, Allegheny County, Pennsylvania",1149,581,568,37.3,26332,42,3,250900,0.505657093,0.494342907,25.3,526,76.4,58.9,17.5,20.2,2.9,0
"Census Tract 2602, Allegheny County, Pennsylvania",2072,1109,963,37.5,45075,42,3,260200,0.53523166,0.46476834,25.9,1136,82,70.5,11.5,13,1.5,0
"Census Tract 2607, Allegheny County, Pennsylvania",1696,859,837,41.1,52500,42,3,260700,0.506485849,0.493514151,24,940,66.3,55.2,11.1,18,0,0.9
"Census Tract 2609, Allegheny County, Pennsylvania",1440,615,825,21.9,12742,42,3,260900,0.427083333,0.572916667,29.7,307,50.8,44.3,6.5,49.2,0,0
"Census Tract 2612, Allegheny County, Pennsylvania",1129,560,569,43.9,65000,42,3,261200,0.496014172,0.503985828,20.5,623,90.7,82.2,8.5,4.3,0.6,0
"Census Tract 2614, Allegheny County, Pennsylvania",1903,964,939,46.8,30366,42,3,261400,0.506568576,0.493431424,26.6,708,79.5,61,18.5,14.7,2.8,0
"Census Tract 2615, Allegheny County, Pennsylvania",1478,700,778,38.2,32768,42,3,261500,0.473612991,0.526387009,28.6,657,72.5,50.4,22.1,26.8,0,0
"Census Tract 2620, Allegheny County, Pennsylvania",2579,1210,1369,35.9,26339,42,3,262000,0.469174098,0.530825902,22.5,1009,76,70.2,5.8,17.2,0.2,3.2
"Census Tract 2701, Allegheny County, Pennsylvania",2451,1107,1344,38.3,52931,42,3,270100,0.451652387,0.548347613,21.4,1284,80.6,66.4,14.3,15.7,0,0
"Census Tract 2703, Allegheny County, Pennsylvania",2002,937,1065,45.3,38393,42,3,270300,0.468031968,0.531968032,22.4,858,71.9,59.3,12.6,14.7,5.5,0
"Census Tract 2704, Allegheny County, Pennsylvania",996,528,468,41.1,41087,42,3,270400,0.530120482,0.469879518,20.4,520,78.3,73.7,4.6,11.3,6.5,1.2
"Census Tract 2708, Allegheny County, Pennsylvania",2506,1254,1252,47.5,65709,42,3,270800,0.500399042,0.499600958,23.1,1273,92.2,80.7,11.5,5.5,1,0.9
"Census Tract 2715, Allegheny County, Pennsylvania",2705,1307,1398,30.7,36364,42,3,271500,0.483179298,0.516820702,26.4,1072,68.7,59.5,9.1,16,9.1,0.3
"Census Tract 2814, Allegheny County, Pennsylvania",2546,1089,1457,33.5,35417,42,3,281400,0.427729772,0.572270228,25.4,1059,74.5,62.6,11.9,21.6,2.5,0
"Census Tract 2815, Allegheny County, Pennsylvania",1381,649,732,38.8,49405,42,3,281500,0.469949312,0.530050688,24.6,718,90.7,84.4,6.3,6.4,0,0
"Census Tract 2901, Allegheny County, Pennsylvania",2066,1008,1058,37.1,34840,42,3,290100,0.487899322,0.512100678,27.4,943,80,70.8,9.1,10.6,3.4,0
"Census Tract 2902, Allegheny County, Pennsylvania",3903,1993,1910,36.8,38264,42,3,290200,0.510632847,0.489367153,27.1,1850,72.6,65.3,7.3,20.4,0.7,1.8
"Census Tract 2904, Allegheny County, Pennsylvania",3969,2013,1956,38.5,42708,42,3,290400,0.50718065,0.49281935,30.2,1695,80.5,71.4,9.1,12.5,1.6,1.4
"Census Tract 3001, Allegheny County, Pennsylvania",4210,1813,2397,29.6,30426,42,3,300100,0.43064133,0.56935867,29.6,1429,60.6,52.7,7.9,29.3,4.3,0
"Census Tract 3102, Allegheny County, Pennsylvania",3588,1781,1807,45.3,47554,42,3,310200,0.496376812,0.503623188,27.8,1500,92.1,74.4,17.7,3.9,0,0
"Census Tract 3103, Allegheny County, Pennsylvania",986,458,528,43.8,70221,42,3,310300,0.464503043,0.535496957,26.5,489,91.2,79.8,11.5,0,0,1.4
"Census Tract 3204, Allegheny County, Pennsylvania",2114,959,1155,40.4,45203,42,3,320400,0.453642384,0.546357616,26.5,900,84.6,64.3,20.2,12.7,0,0
"Census Tract 3206, Allegheny County, Pennsylvania",2188,1046,1142,38.4,51383,42,3,320600,0.478062157,0.521937843,26.7,1097,80.9,72.7,8.2,10.2,1.1,0
"Census Tract 3207, Allegheny County, Pennsylvania",1436,740,696,43.3,47891,42,3,320700,0.515320334,0.484679666,28.3,672,85.7,74.9,10.9,13.4,0,0
"Census Tract 4011, Allegheny County, Pennsylvania",4669,2187,2482,43.3,55154,42,3,401100,0.468408653,0.531591347,20.3,2361,92.3,85.3,7.1,0,3.6,0
"Census Tract 4012, Allegheny County, Pennsylvania",2967,1393,1574,44.7,30556,42,3,401200,0.469497809,0.530502191,20.5,1100,93.5,76.4,17.2,0.5,2.5,0
"Census Tract 4013, Allegheny County, Pennsylvania",2822,1340,1482,45.7,65175,42,3,401300,0.474840539,0.525159461,27.4,1383,95.4,86.8,8.7,0.7,2,0
"Census Tract 4020, Allegheny County, Pennsylvania",3220,1573,1647,38.5,40753,42,3,402000,0.488509317,0.511490683,24.6,1412,92.2,83.9,8.4,2.3,1.1,0
"Census Tract 4035, Allegheny County, Pennsylvania",4481,2249,2232,36.6,33026,42,3,403500,0.501896898,0.498103102,29,2000,80.4,67.3,13.1,12.3,3.5,0
"Census Tract 4040, Allegheny County, Pennsylvania",1407,794,613,41,48158,42,3,404000,0.564321251,0.435678749,23.8,797,89,79.5,9.4,5.3,2.3,0
"Census Tract 4050, Allegheny County, Pennsylvania",1084,556,528,49.1,56058,42,3,405000,0.512915129,0.487084871,24.2,550,98.7,89.6,9.1,0.5,0,0
"Census Tract 4060, Allegheny County, Pennsylvania",2366,1127,1239,50.9,59112,42,3,406000,0.476331361,0.523668639,28.5,1081,92,84.5,7.6,2.6,0,0
"Census Tract 4070.01, Allegheny County, Pennsylvania",5098,2446,2652,44.5,53445,42,3,407001,0.479795998,0.520204002,35.3,2498,93,88,5,1.4,1.2,0
"Census Tract 4070.02, Allegheny County, Pennsylvania",6802,3408,3394,44.7,67104,42,3,407002,0.501029109,0.498970891,30.6,3514,90.6,84.8,5.8,0.5,0,0
"Census Tract 4080.01, Allegheny County, Pennsylvania",5301,2699,2602,44.1,77684,42,3,408001,0.509149217,0.490850783,27.3,2391,92.3,84.6,7.7,1.7,0,0
"Census Tract 4080.02, Allegheny County, Pennsylvania",6188,2885,3303,41.8,98074,42,3,408002,0.466224952,0.533775048,29.2,3207,94.3,88.2,6,0,0,0
"Census Tract 4090, Allegheny County, Pennsylvania",12477,6300,6177,41.4,131484,42,3,409000,0.504929069,0.495070931,30.6,5954,86.8,79.5,7.3,3.6,1.2,0.3
"Census Tract 4100, Allegheny County, Pennsylvania",1230,667,563,46.6,103750,42,3,410000,0.542276423,0.457723577,29.2,563,89.3,86.9,2.5,2.1,1.1,0
"Census Tract 4110, Allegheny County, Pennsylvania",7914,4034,3880,41.7,114917,42,3,411000,0.509729593,0.490270407,27.3,3658,86.2,77.9,8.3,0.9,0,2.2
"Census Tract 4120.01, Allegheny County, Pennsylvania",8875,4572,4303,43.1,115756,42,3,412001,0.51515493,0.48484507,29.5,4100,88.7,82.1,6.6,1.5,0.7,0
"Census Tract 4120.02, Allegheny County, Pennsylvania",5353,2739,2614,42.6,133884,42,3,412002,0.511675696,0.488324304,27,2691,90.3,80.1,10.2,1.3,0.9,0
"Census Tract 4131, Allegheny County, Pennsylvania",7148,3509,3639,41,104085,42,3,413100,0.490906547,0.509093453,26.1,3409,91.3,78.9,12.4,2.3,0.3,0
"Census Tract 4132.01, Allegheny County, Pennsylvania",3593,1610,1983,45.6,73750,42,3,413201,0.448093515,0.551906485,24.1,1947,93.2,81,12.1,2.1,0.5,0
"Census Tract 4132.02, Allegheny County, Pennsylvania",2750,1279,1471,46.7,71000,42,3,413202,0.465090909,0.534909091,28.2,1329,89.7,86.1,3.6,1.5,3.5,0
"Census Tract 4133, Allegheny County, Pennsylvania",4694,2225,2469,47.3,76932,42,3,413300,0.474009374,0.525990626,25.8,2333,92.5,84.6,7.8,1.6,0.8,0.3
"Census Tract 4134, Allegheny County, Pennsylvania",4292,2006,2286,47,88173,42,3,413400,0.467381174,0.532618826,26.5,2051,88.2,82,6.2,4.3,0.7,0
"Census Tract 4135, Allegheny County, Pennsylvania",6395,3308,3087,40,61416,42,3,413500,0.517279124,0.482720876,27.4,3441,90.8,83.9,6.9,2.2,2.3,0
"Census Tract 4141.01, Allegheny County, Pennsylvania",5394,2785,2609,45.2,89698,42,3,414101,0.516314423,0.483685577,28.2,3171,95.2,82.2,12.9,1.2,0,0
"Census Tract 4141.02, Allegheny County, Pennsylvania",7436,3402,4034,45.3,84184,42,3,414102,0.457504034,0.542495966,27.7,3635,91.2,86,5.2,2.8,0,0
"Census Tract 4142, Allegheny County, Pennsylvania",5642,2607,3035,45.6,73043,42,3,414200,0.462070188,0.537929812,26,2545,89.7,87.4,2.3,1.5,0.1,0
"Census Tract 4150.01, Allegheny County, Pennsylvania",4772,2352,2420,44.3,87596,42,3,415001,0.492875105,0.507124895,27.2,2329,89.9,83.2,6.7,0.5,2.9,0
"Census Tract 4150.02, Allegheny County, Pennsylvania",2515,1220,1295,50.1,92250,42,3,415002,0.485089463,0.514910537,26.6,1150,92.2,84.6,7.6,0,0,0
"Census Tract 4160, Allegheny County, Pennsylvania",1653,813,840,51.7,48750,42,3,416000,0.491833031,0.508166969,25.1,850,91.9,82,9.9,2.4,3.4,0
"Census Tract 4171, Allegheny County, Pennsylvania",2069,950,1119,50,53365,42,3,417100,0.459159014,0.540840986,27.8,1180,91.9,84.3,7.6,3.9,1.1,0
"Census Tract 4172, Allegheny County, Pennsylvania",1319,514,805,45.3,34055,42,3,417200,0.389689158,0.610310842,27.4,641,86.6,81.4,5.1,7.5,2.5,0
"Census Tract 4180, Allegheny County, Pennsylvania",1804,886,918,49.8,55321,42,3,418000,0.49113082,0.50886918,26.1,853,87.5,74.7,12.8,6.9,1.9,0
"Census Tract 4190, Allegheny County, Pennsylvania",3049,1363,1686,55.9,49643,42,3,419000,0.447031814,0.552968186,24.2,1329,88.7,78.1,10.6,5.1,0.7,0
"Census Tract 4200, Allegheny County, Pennsylvania",1670,847,823,36.8,39929,42,3,420000,0.507185629,0.492814371,25.2,826,81.4,75.1,6.3,8,5.7,0.8
"Census Tract 4211, Allegheny County, Pennsylvania",4188,2051,2137,49,72450,42,3,421100,0.489732569,0.510267431,23.9,1720,92.6,83.1,9.4,2.1,0.5,0
"Census Tract 4212, Allegheny County, Pennsylvania",4341,2176,2165,48.3,92051,42,3,421200,0.501266989,0.498733011,25,2275,91.2,82.5,8.7,1.7,0.7,0.4
"Census Tract 4220, Allegheny County, Pennsylvania",5392,2636,2756,48.8,148553,42,3,422000,0.488872404,0.511127596,25.3,1986,88,76.4,11.5,0,1.5,0.8
"Census Tract 4230, Allegheny County, Pennsylvania",2773,1271,1502,37.9,66108,42,3,423000,0.458348359,0.541651641,24.8,1430,87.3,75.4,11.9,5,3.9,1.2
"Census Tract 4240, Allegheny County, Pennsylvania",3421,1778,1643,42.7,32431,42,3,424000,0.519731073,0.480268927,22.9,1552,83.3,72.4,11,10.1,5.4,0
"Census Tract 4250, Allegheny County, Pennsylvania",3415,1776,1639,36.4,44615,42,3,425000,0.520058565,0.479941435,22.2,1855,88.7,78.9,9.8,5.7,3.5,0
"Census Tract 4263, Allegheny County, Pennsylvania",6151,2990,3161,44.2,77057,42,3,426300,0.486099821,0.513900179,27,3100,88.7,81.5,7.2,4.6,1.1,0.5
"Census Tract 4264, Allegheny County, Pennsylvania",4215,1995,2220,46.2,61680,42,3,426400,0.473309609,0.526690391,24.3,2480,93.3,83.5,9.8,0,2.1,0.8
"Census Tract 4267, Allegheny County, Pennsylvania",2265,1090,1175,49.6,57885,42,3,426700,0.481236203,0.518763797,22.6,1227,95.8,83.6,12.1,0,3,0
"Census Tract 4268, Allegheny County, Pennsylvania",5490,2685,2805,47.9,79491,42,3,426800,0.489071038,0.510928962,26.2,2831,94.3,85.6,8.8,1.4,0,0
"Census Tract 4270, Allegheny County, Pennsylvania",3714,1899,1815,40.6,35496,42,3,427000,0.511308562,0.488691438,25.6,2073,80.9,68.1,12.8,9.5,5.5,1.2
"Census Tract 4271, Allegheny County, Pennsylvania",5489,2723,2766,47.4,78393,42,3,427100,0.496083075,0.503916925,25.9,2934,89.9,83.4,6.5,2.7,0.5,0
"Census Tract 4272, Allegheny County, Pennsylvania",4989,2541,2448,43.1,51315,42,3,427200,0.509320505,0.490679495,23.7,2444,88.5,77.9,10.5,4.1,3.5,0
"Census Tract 4281, Allegheny County, Pennsylvania",1163,575,588,48.5,54712,42,3,428100,0.494411006,0.505588994,21.5,592,93.6,76.9,16.7,4.6,1,0
"Census Tract 4282, Allegheny County, Pennsylvania",2144,1079,1065,45.8,65000,42,3,428200,0.503264925,0.496735075,21.7,1275,91.9,82.6,9.3,2,2,0
"Census Tract 4291, Allegheny County, Pennsylvania",2703,1354,1349,40.2,68244,42,3,429100,0.500924898,0.499075102,23.3,1490,90.3,79.6,10.7,5.1,0,0
"Census Tract 4292.01, Allegheny County, Pennsylvania",4357,2083,2274,45.3,81033,42,3,429201,0.478081249,0.521918751,25.8,2255,89,75.7,13.3,6.5,0.9,0.4
"Census Tract 4292.02, Allegheny County, Pennsylvania",4469,2147,2322,42.4,72861,42,3,429202,0.480420676,0.519579324,23.4,2303,89.1,76.9,12.1,3.8,0,0
"Census Tract 4293, Allegheny County, Pennsylvania",5372,2585,2787,53.3,71890,42,3,429300,0.481198809,0.518801191,25.4,2713,92.1,79.4,12.7,1.4,0.3,0
"Census Tract 4294, Allegheny County, Pennsylvania",4513,2127,2386,40.2,68780,42,3,429400,0.471305119,0.528694881,24.9,2395,88.6,79.8,8.8,2.3,3.6,0
"Census Tract 4295, Allegheny County, Pennsylvania",4083,1919,2164,50.5,60506,42,3,429500,0.469997551,0.530002449,25.2,2240,89.3,78.7,10.6,5.5,0,0
"Census Tract 4296, Allegheny County, Pennsylvania",3077,1426,1651,37.3,58423,42,3,429600,0.463438414,0.536561586,26,1657,85.5,73.9,11.5,10,0,0
"Census Tract 4297, Allegheny County, Pennsylvania",2430,1060,1370,47.3,46071,42,3,429700,0.436213992,0.563786008,23.2,1178,90.8,76.4,14.4,3.7,1.1,0
"Census Tract 4301, Allegheny County, Pennsylvania",2100,987,1113,34.9,54625,42,3,430100,0.47,0.53,21.8,1271,90.8,79.8,11,5.4,2.4,0.6
"Census Tract 4302, Allegheny County, Pennsylvania",4604,2390,2214,38.9,58218,42,3,430200,0.519113814,0.480886186,23.2,2714,87.8,76.6,11.2,6.3,1.8,0
"Census Tract 4311, Allegheny County, Pennsylvania",3317,1550,1767,36.3,41118,42,3,431100,0.46728972,0.53271028,28.2,1967,77.4,69,8.4,15.5,3.8,0
"Census Tract 4314, Allegheny County, Pennsylvania",1900,927,973,38.1,45882,42,3,431400,0.487894737,0.512105263,25.9,1076,79.8,67.6,12.3,10.2,6.1,0.7
"Census Tract 4315, Allegheny County, Pennsylvania",3068,1433,1635,43.2,38079,42,3,431500,0.467079531,0.532920469,25.8,1930,65.6,59,6.6,16.6,12.1,0
"Census Tract 4323, Allegheny County, Pennsylvania",2058,873,1185,52.4,39265,42,3,432300,0.424198251,0.575801749,27.6,1066,83.1,77.4,5.7,11.4,4.2,0
"Census Tract 4324, Allegheny County, Pennsylvania",2608,1144,1464,38,39720,42,3,432400,0.438650307,0.561349693,25.3,1356,80.6,72.4,8.2,10.8,3.9,0.4
"Census Tract 4340, Allegheny County, Pennsylvania",1774,814,960,40,91250,42,3,434000,0.458850056,0.541149944,26.8,984,87.1,77.1,10,5.2,0.4,0
"Census Tract 4350, Allegheny County, Pennsylvania",2443,1255,1188,38.7,55399,42,3,435000,0.513712648,0.486287352,26,1409,86.3,76.9,9.4,4.2,3.6,0
"Census Tract 4370, Allegheny County, Pennsylvania",5937,2974,2963,36.5,105919,42,3,437000,0.500926394,0.499073606,26.1,3182,94,86.3,7.7,1.1,0,0
"Census Tract 4390, Allegheny County, Pennsylvania",1422,726,696,46.8,92083,42,3,439000,0.510548523,0.489451477,28.2,655,85.8,83.4,2.4,1.1,1.1,0
"Census Tract 4455, Allegheny County, Pennsylvania",3852,1843,2009,42.6,69625,42,3,445500,0.478452752,0.521547248,25.1,1842,78.8,71.2,7.5,4.7,8.3,0
"Census Tract 4460, Allegheny County, Pennsylvania",1639,742,897,45.2,154545,42,3,446000,0.45271507,0.54728493,24.2,753,80.1,74.5,5.6,1.7,4.5,1.7
"Census Tract 4470, Allegheny County, Pennsylvania",1622,764,858,43.3,80192,42,3,447000,0.471023428,0.528976572,27.8,817,89,83.6,5.4,1.2,1.2,0
"Census Tract 4480, Allegheny County, Pennsylvania",1287,615,672,42.2,46389,42,3,448000,0.477855478,0.522144522,30.5,609,84.6,77.8,6.7,3,6.2,0.5
"Census Tract 4490, Allegheny County, Pennsylvania",2607,1243,1364,45,65179,42,3,449000,0.476793249,0.523206751,26.7,1384,92.5,86.4,6.1,1.6,0,0
"Census Tract 4507, Allegheny County, Pennsylvania",3146,1519,1627,39.7,42585,42,3,450700,0.482835346,0.517164654,21.9,1750,90.1,83.5,6.6,3.4,3.7,0
"Census Tract 4508, Allegheny County, Pennsylvania",2471,1220,1251,48.6,35722,42,3,450800,0.493727236,0.506272764,23.4,966,86.9,81.2,5.7,0.5,10.5,0
"Census Tract 4511.01, Allegheny County, Pennsylvania",3733,1839,1894,42.7,81771,42,3,451101,0.492633271,0.507366729,22.5,2168,89.5,82.1,7.4,0.3,0.9,0
"Census Tract 4511.02, Allegheny County, Pennsylvania",5689,2902,2787,30.8,56375,42,3,451102,0.510107224,0.489892776,25.4,2882,85.2,77.8,7.4,4.5,6.9,0
"Census Tract 4511.04, Allegheny County, Pennsylvania",3546,1748,1798,40.9,103088,42,3,451104,0.492949803,0.507050197,28,1827,93.4,87.4,6,2.8,0.3,0
"Census Tract 4511.05, Allegheny County, Pennsylvania",5128,2711,2417,32.2,55081,42,3,451105,0.528666147,0.471333853,26.6,3007,87.2,64.5,22.7,6.8,3.8,0
"Census Tract 4513, Allegheny County, Pennsylvania",7339,3621,3718,44.5,106567,42,3,451300,0.49339147,0.50660853,22.3,4133,92.6,86.8,5.8,1.7,0.3,0
"Census Tract 4520, Allegheny County, Pennsylvania",5396,2545,2851,41.3,75968,42,3,452000,0.471645663,0.528354337,24.7,2786,93.8,89.6,4.2,1.3,0.5,0
"Census Tract 4530.03, Allegheny County, Pennsylvania",1912,870,1042,44.3,57375,42,3,453003,0.455020921,0.544979079,23.7,855,90.6,82.6,8.1,6,0,0
"Census Tract 4530.04, Allegheny County, Pennsylvania",7027,3476,3551,37.5,75297,42,3,453004,0.494663441,0.505336559,24.7,4253,94.8,79.2,15.6,1.3,0.3,0
"Census Tract 4550, Allegheny County, Pennsylvania",1508,765,743,47.1,58618,42,3,455000,0.50729443,0.49270557,23.7,764,91,81.9,9,3.7,2.2,0
"Census Tract 4560.01, Allegheny County, Pennsylvania",3372,1656,1716,41.4,80050,42,3,456001,0.491103203,0.508896797,24.2,1859,93,87,6,1.2,0,0
"Census Tract 4560.03, Allegheny County, Pennsylvania",7230,3318,3912,38.1,94356,42,3,456003,0.458921162,0.541078838,30.2,3421,87.5,81,6.5,3.2,0,0
"Census Tract 4560.04, Allegheny County, Pennsylvania",4681,2167,2514,47,60740,42,3,456004,0.46293527,0.53706473,23.5,2283,90.7,80.8,9.9,1.1,0,0
"Census Tract 4571, Allegheny County, Pennsylvania",1516,715,801,43,40878,42,3,457100,0.471635884,0.528364116,23.5,799,79.1,71.1,8,6.8,6.5,1
"Census Tract 4572, Allegheny County, Pennsylvania",3601,1694,1907,46.4,49545,42,3,457200,0.470424882,0.529575118,23,1862,89.4,82.2,7.1,6.2,1.7,0
"Census Tract 4580, Allegheny County, Pennsylvania",7755,3966,3789,49.9,68542,42,3,458000,0.511411992,0.488588008,27.3,3978,86.8,81.6,5.2,6.8,0.6,0
"Census Tract 4591.01, Allegheny County, Pennsylvania",1733,821,912,44.5,65000,42,3,459101,0.473744951,0.526255049,23.5,766,96,85.4,10.6,0.7,0,0
"Census Tract 4591.02, Allegheny County, Pennsylvania",5917,2839,3078,47.6,93135,42,3,459102,0.479803955,0.520196045,24,3313,91.9,85,6.9,2.4,0.6,0.1
"Census Tract 4592.01, Allegheny County, Pennsylvania",6026,3102,2924,40.8,77388,42,3,459201,0.514769333,0.485230667,25.8,3517,85,79.9,5.1,5.5,1.3,0
"Census Tract 4592.02, Allegheny County, Pennsylvania",738,308,430,36.9,54779,42,3,459202,0.417344173,0.582655827,24.3,575,88,81.6,6.4,3.7,0,0.3
"Census Tract 4600.01, Allegheny County, Pennsylvania",4653,2187,2466,48.8,64730,42,3,460001,0.470019342,0.529980658,26.6,2367,93.1,84.5,8.6,4,0,0
"Census Tract 4600.02, Allegheny County, Pennsylvania",3354,1637,1717,49.7,70060,42,3,460002,0.488073942,0.511926058,24.9,1787,88.3,78,10.4,2.1,0,0
"Census Tract 4610, Allegheny County, Pennsylvania",1145,602,543,47.1,44375,42,3,461000,0.525764192,0.474235808,20.2,639,91.9,80,11.9,1.9,3.6,0
"Census Tract 4621, Allegheny County, Pennsylvania",2790,1329,1461,40.5,33333,42,3,462100,0.476344086,0.523655914,20.8,972,85.6,66.6,19,5.3,7,0
"Census Tract 4626, Allegheny County, Pennsylvania",3499,1691,1808,36.3,36132,42,3,462600,0.483280937,0.516719063,29.4,1623,74.8,65.8,9,18.8,3.2,0
"Census Tract 4639, Allegheny County, Pennsylvania",2561,1299,1262,40.7,35804,42,3,463900,0.507223741,0.492776259,20.8,1313,79.9,70.5,9.4,13.1,3.4,0
"Census Tract 4643, Allegheny County, Pennsylvania",3294,1721,1573,41.9,48490,42,3,464300,0.522465088,0.477534912,24.9,1853,80,74,6,13.7,4.1,0
"Census Tract 4644, Allegheny County, Pennsylvania",3485,1673,1812,32.5,25971,42,3,464400,0.480057389,0.519942611,25.8,1588,69.4,58.1,11.3,16.4,14.2,0
"Census Tract 4656, Allegheny County, Pennsylvania",2468,1180,1288,38.3,39601,42,3,465600,0.478119935,0.521880065,24,1342,82.7,71.6,11.1,9.6,3.9,0
"Census Tract 4658, Allegheny County, Pennsylvania",3431,1685,1746,41.1,57480,42,3,465800,0.491110463,0.508889537,29.2,2099,81.5,75.7,5.8,14,2.6,0.5
"Census Tract 4687, Allegheny County, Pennsylvania",1634,865,769,47.3,47857,42,3,468700,0.529375765,0.470624235,23.5,819,86.1,78.5,7.6,10,1.3,0
"Census Tract 4688, Allegheny County, Pennsylvania",2396,1217,1179,34.6,41625,42,3,468800,0.507929883,0.492070117,25,1271,80.5,72.1,8.3,13.5,4.9,0.6
"Census Tract 4689, Allegheny County, Pennsylvania",3914,1856,2058,33.6,42684,42,3,468900,0.474195197,0.525804803,23.9,1796,83.9,70.3,13.6,4.7,2.1,1.2
"Census Tract 4690, Allegheny County, Pennsylvania",4749,2097,2652,47.3,72604,42,3,469000,0.441566646,0.558433354,24.3,2537,86.7,75.1,11.6,6.4,1,0
"Census Tract 4703, Allegheny County, Pennsylvania",3885,1713,2172,51.7,65105,42,3,470300,0.440926641,0.559073359,24.9,1796,88.1,82.6,5.5,7.7,0.1,0
"Census Tract 4704, Allegheny County, Pennsylvania",2949,1414,1535,50.7,62697,42,3,470400,0.479484571,0.520515429,24.4,1401,85.7,82.1,3.6,5.7,1.6,0
"Census Tract 4705.01, Allegheny County, Pennsylvania",3619,1938,1681,33.8,65592,42,3,470501,0.535507046,0.464492954,28.2,1916,68,58,10,22.2,3.1,0
"Census Tract 4705.02, Allegheny County, Pennsylvania",3041,1417,1624,50.7,74574,42,3,470502,0.465965143,0.534034857,28.9,1496,88.6,78.9,9.8,7.6,0.3,0
"Census Tract 4706, Allegheny County, Pennsylvania",3420,1620,1800,37.8,48893,42,3,470600,0.473684211,0.526315789,25.7,1679,89,84,5,8.6,2.4,0
"Census Tract 4710, Allegheny County, Pennsylvania",1314,621,693,42.7,43333,42,3,471000,0.47260274,0.52739726,24.6,750,86.1,76.5,9.6,1.7,5.9,0
"Census Tract 4721, Allegheny County, Pennsylvania",2382,1163,1219,37.9,49309,42,3,472100,0.488245172,0.511754828,26.9,1362,70.6,60.4,10.1,20.4,1.9,0
"Census Tract 4722, Allegheny County, Pennsylvania",2321,1117,1204,34.5,76094,42,3,472200,0.481258078,0.518741922,29.4,1437,68.4,61.4,7,25.4,2.9,0
"Census Tract 4723, Allegheny County, Pennsylvania",1920,936,984,34.4,46193,42,3,472300,0.4875,0.5125,27.2,1252,77.2,70,7.2,19,3.4,0
"Census Tract 4724, Allegheny County, Pennsylvania",1868,861,1007,39.1,78886,42,3,472400,0.460920771,0.539079229,26.5,1034,84.5,73.6,10.9,9.3,1.2,0
"Census Tract 4731, Allegheny County, Pennsylvania",4623,2338,2285,40.5,73407,42,3,473100,0.505732209,0.494267791,25.1,2374,80.5,75.6,5,7.5,1.5,0
"Census Tract 4732, Allegheny County, Pennsylvania",2966,1397,1569,44.9,55833,42,3,473200,0.47100472,0.52899528,26.7,1477,73.9,63.7,10.2,16.2,4.4,0
"Census Tract 4733, Allegheny County, Pennsylvania",5629,2530,3099,44.3,85330,42,3,473300,0.449458163,0.550541837,26.8,2740,78.6,67.4,11.2,13.8,3.9,0.8
"Census Tract 4734.01, Allegheny County, Pennsylvania",3759,1784,1975,40.5,66848,42,3,473401,0.474594307,0.525405693,28.4,1830,73,64.9,8.1,12.8,5.4,1.1
"Census Tract 4734.02, Allegheny County, Pennsylvania",3609,1792,1817,44.4,97841,42,3,473402,0.496536437,0.503463563,26.5,1832,77.5,70.3,7.2,9.9,3.1,0
"Census Tract 4735, Allegheny County, Pennsylvania",3963,1985,1978,43,126960,42,3,473500,0.500883169,0.499116831,30.5,1823,83.5,74.3,9.2,9.2,2.2,0.4
"Census Tract 4736.01, Allegheny County, Pennsylvania",3821,1740,2081,46.6,107109,42,3,473601,0.455378173,0.544621827,26.2,1791,79.2,71.9,7.4,5.5,0.8,0
"Census Tract 4736.02, Allegheny County, Pennsylvania",4495,2179,2316,51.5,85909,42,3,473602,0.484760845,0.515239155,29.6,1765,86.8,78,8.8,6.6,0.1,0
"Census Tract 4741.01, Allegheny County, Pennsylvania",3620,1828,1792,42.8,94236,42,3,474101,0.504972376,0.495027624,29.4,1726,86.5,81.1,5.4,4.5,0,0
"Census Tract 4741.02, Allegheny County, Pennsylvania",3718,1737,1981,42.4,105990,42,3,474102,0.467186659,0.532813341,31.9,1578,85,82.7,2.3,4,0.9,0
"Census Tract 4742.01, Allegheny County, Pennsylvania",2528,1204,1324,47.2,109700,42,3,474201,0.476265823,0.523734177,31,1159,80,77.7,2.3,11,1.4,0
"Census Tract 4742.02, Allegheny County, Pennsylvania",5021,2543,2478,45.6,122361,42,3,474202,0.506472814,0.493527186,30.3,2181,82.8,80.7,2,4.4,1.7,0
"Census Tract 4742.03, Allegheny County, Pennsylvania",4634,2326,2308,42.5,106500,42,3,474203,0.501942167,0.498057833,33.1,2125,83.3,80.4,2.9,7.4,0,0
"Census Tract 4751.01, Allegheny County, Pennsylvania",4623,2193,2430,49,60112,42,3,475101,0.474367294,0.525632706,28.1,2404,73.3,67.2,6.1,20.4,0.7,0.6
"Census Tract 4751.02, Allegheny County, Pennsylvania",1555,746,809,46.6,72292,42,3,475102,0.479742765,0.520257235,30,828,78.7,72.1,6.6,11,0.7,1
"Census Tract 4752, Allegheny County, Pennsylvania",4748,2272,2476,44.4,75757,42,3,475200,0.47851727,0.52148273,30.8,2300,83.7,79.5,4.2,7,1,0
"Census Tract 4753.01, Allegheny County, Pennsylvania",4668,2326,2342,45.3,57674,42,3,475301,0.498286204,0.501713796,30,2411,79.4,72.5,6.9,11.9,2.7,0
"Census Tract 4753.03, Allegheny County, Pennsylvania",3948,1909,2039,47.5,80213,42,3,475303,0.483535968,0.516464032,33.7,1858,82.5,75.8,6.7,10,0.4,0
"Census Tract 4753.04, Allegheny County, Pennsylvania",5610,2604,3006,45,83311,42,3,475304,0.464171123,0.535828877,30.7,3138,82.2,71.4,10.7,8.7,0.3,0
"Census Tract 4754.01, Allegheny County, Pennsylvania",3964,1862,2102,46.3,71042,42,3,475401,0.469727548,0.530272452,34,1886,82.4,74.8,7.6,9.3,3.3,0
"Census Tract 4754.02, Allegheny County, Pennsylvania",3106,1491,1615,45.3,83868,42,3,475402,0.480038635,0.519961365,36.2,1644,79.2,75.9,3.3,10,1.3,0
"Census Tract 4761, Allegheny County, Pennsylvania",4852,2532,2320,39,46341,42,3,476100,0.521846661,0.478153339,33,2841,75.4,71.1,4.3,17.9,0.7,0
"Census Tract 4762, Allegheny County, Pennsylvania",3436,1652,1784,43.9,59063,42,3,476200,0.480791618,0.519208382,26.8,1862,80.9,69.6,11.3,15.8,1.3,0
"Census Tract 4771, Allegheny County, Pennsylvania",3511,1504,2007,47.2,65408,42,3,477100,0.428367986,0.571632014,30.3,1641,87.1,79.2,8,9.4,1.2,0
"Census Tract 4772, Allegheny County, Pennsylvania",4156,1917,2239,52.1,60495,42,3,477200,0.461260828,0.538739172,30.9,1785,87.2,79.7,7.5,10.3,0,0
"Census Tract 4773, Allegheny County, Pennsylvania",6206,2949,3257,41,49866,42,3,477300,0.475185305,0.524814695,31.6,3183,81.1,65.4,15.7,13,1.7,0
"Census Tract 4781, Allegheny County, Pennsylvania",4132,1956,2176,38.5,46667,42,3,478100,0.473378509,0.526621491,32.5,2301,84.8,74.1,10.7,11.8,0.5,0
"Census Tract 4782, Allegheny County, Pennsylvania",5418,2584,2834,35.7,58383,42,3,478200,0.476928756,0.523071244,30.8,2568,77.2,66.4,10.8,13,5.4,0
"Census Tract 4790, Allegheny County, Pennsylvania",1972,1010,962,46,60595,42,3,479000,0.512170385,0.487829615,25.8,930,88.9,76,12.9,5.7,0.4,0
"Census Tract 4801.01, Allegheny County, Pennsylvania",5152,2417,2735,34.5,44854,42,3,480101,0.469138199,0.530861801,31.2,2634,86,76.3,9.6,7.9,2.5,0.6
"Census Tract 4801.02, Allegheny County, Pennsylvania",3184,1601,1583,50.4,58846,42,3,480102,0.502826633,0.497173367,29.1,1561,92.4,85.6,6.9,3.3,1.5,0
"Census Tract 4802, Allegheny County, Pennsylvania",3318,1508,1810,43.6,62153,42,3,480200,0.454490657,0.545509343,25.9,1583,83.1,73.4,9.7,8.3,2.5,0
"Census Tract 4803, Allegheny County, Pennsylvania",3470,1731,1739,40.6,64205,42,3,480300,0.498847262,0.501152738,32.3,1839,88.4,72.8,15.7,3.3,0,1.5
"Census Tract 4804, Allegheny County, Pennsylvania",4670,2250,2420,50.9,59618,42,3,480400,0.481798715,0.518201285,27.6,2254,94.4,79.2,15.1,3.1,0.8,0
"Census Tract 4810, Allegheny County, Pennsylvania",3362,1554,1808,32.3,33750,42,3,481000,0.462224866,0.537775134,29.7,1304,61.5,52.8,8.7,27.1,5.2,0
"Census Tract 4825, Allegheny County, Pennsylvania",1720,770,950,50,49219,42,3,482500,0.447674419,0.552325581,25.5,834,86.8,77.9,8.9,8,1.8,0
"Census Tract 4838, Allegheny County, Pennsylvania",3142,1438,1704,39.4,24703,42,3,483800,0.457670274,0.542329726,28.2,1227,59,52.5,6.5,28.9,8.5,0.2
"Census Tract 4843, Allegheny County, Pennsylvania",3521,1755,1766,36,38542,42,3,484300,0.498437944,0.501562056,25.2,1780,74.8,65.4,9.4,13.5,5.4,0
"Census Tract 4845, Allegheny County, Pennsylvania",5631,2796,2835,47.9,54026,42,3,484500,0.496537027,0.503462973,24.9,3004,83.3,71.9,11.4,7.4,3.6,0
"Census Tract 4846, Allegheny County, Pennsylvania",2153,868,1285,41.8,47719,42,3,484600,0.403158384,0.596841616,26.4,923,78.8,72.3,6.5,9.5,1.7,0
"Census Tract 4850, Allegheny County, Pennsylvania",1165,633,532,40.2,39167,42,3,485000,0.543347639,0.456652361,26.3,601,86,69.6,16.5,8.7,0,0
"Census Tract 4867, Allegheny County, Pennsylvania",2185,1010,1175,32,17331,42,3,486700,0.462242563,0.537757437,32.1,678,49,45.1,3.8,40.3,8.7,0
"Census Tract 4868, Allegheny County, Pennsylvania",1881,933,948,35.4,24844,42,3,486800,0.496012759,0.503987241,25,581,81.6,72.8,8.8,8.8,5.5,0
"Census Tract 4869, Allegheny County, Pennsylvania",1468,664,804,31.8,26768,42,3,486900,0.452316076,0.547683924,25,421,74.8,59.9,15,18.3,0,0
"Census Tract 4870, Allegheny County, Pennsylvania",1741,808,933,50.9,41314,42,3,487000,0.464101091,0.535898909,25.8,941,89.6,79.7,9.9,6.3,1.6,0
"Census Tract 4881, Allegheny County, Pennsylvania",2290,1220,1070,45,51445,42,3,488100,0.532751092,0.467248908,29.3,1083,92.4,81.7,10.7,0,2.5,0
"Census Tract 4882, Allegheny County, Pennsylvania",3487,1595,1892,39.4,43241,42,3,488200,0.457413249,0.542586751,28.3,1429,88.3,74.5,13.9,9.6,0.5,0
"Census Tract 4883, Allegheny County, Pennsylvania",2127,1001,1126,48.9,57216,42,3,488300,0.470615891,0.529384109,29.3,1078,88.4,78.5,9.9,2.8,4.6,0.6
"Census Tract 4884, Allegheny County, Pennsylvania",4355,1966,2389,48.5,43770,42,3,488400,0.451435132,0.548564868,27.8,2214,89.1,72,17.1,4,2.1,0
"Census Tract 4885, Allegheny County, Pennsylvania",3017,1359,1658,44.3,51934,42,3,488500,0.450447464,0.549552536,26.6,1535,88.9,84.8,4.1,4.5,3.4,0
"Census Tract 4886, Allegheny County, Pennsylvania",4877,2275,2602,46.8,58456,42,3,488600,0.466475292,0.533524708,27.9,2435,94.4,88.5,5.9,0.6,1.5,0
"Census Tract 4890.01, Allegheny County, Pennsylvania",4427,2069,2358,49.8,56316,42,3,489001,0.467359386,0.532640614,34.3,1919,91.2,82.5,8.8,3,0,0
"Census Tract 4890.02, Allegheny County, Pennsylvania",3844,1807,2037,43.2,78849,42,3,489002,0.470083247,0.529916753,30,2031,86.2,78.1,8.1,6.3,1.7,0
"Census Tract 4900.02, Allegheny County, Pennsylvania",4776,2288,2488,43.8,50326,42,3,490002,0.479061977,0.520938023,26.4,2469,86.5,82.1,4.5,5.6,1.6,0
"Census Tract 4900.03, Allegheny County, Pennsylvania",3838,1960,1878,44.6,82500,42,3,490003,0.510682647,0.489317353,31.7,2155,88,71.2,16.8,8.6,1.2,0
"Census Tract 4900.04, Allegheny County, Pennsylvania",4856,2456,2400,44.4,81196,42,3,490004,0.505766063,0.494233937,33.7,2700,88.6,74.7,13.9,4.7,0.7,0
"Census Tract 4911.01, Allegheny County, Pennsylvania",6785,3352,3433,41.1,90083,42,3,491101,0.494030951,0.505969049,33.4,3306,90.3,84.5,5.8,2,0,0
"Census Tract 4912, Allegheny County, Pennsylvania",1960,900,1060,47.9,59779,42,3,491200,0.459183673,0.540816327,25.1,1075,95.9,81.6,14.3,1,0.5,0
"Census Tract 4927, Allegheny County, Pennsylvania",2029,1057,972,37.9,35833,42,3,492700,0.520946279,0.479053721,29.2,942,89.7,72.7,17,2.5,1,0
"Census Tract 4928, Allegheny County, Pennsylvania",2471,1089,1382,48,25488,42,3,492800,0.440712262,0.559287738,31.7,938,72.6,60.2,12.4,13.5,8.3,0
"Census Tract 4929, Allegheny County, Pennsylvania",2219,1060,1159,35,37866,42,3,492900,0.477692654,0.522307346,30.5,860,82,72.8,9.2,18,0,0
"Census Tract 4940, Allegheny County, Pennsylvania",1437,664,773,44.8,37014,42,3,494000,0.462073765,0.537926235,27.3,662,89.3,83.4,5.9,3.9,4.1,0
"Census Tract 4950, Allegheny County, Pennsylvania",3354,1679,1675,49,51122,42,3,495000,0.500596303,0.499403697,29.1,1630,93,86,7.1,1.5,1.5,0
"Census Tract 4961.01, Allegheny County, Pennsylvania",3153,1578,1575,47.9,71769,42,3,496101,0.500475737,0.499524263,31.3,1401,91.4,86.6,4.9,2.3,2.4,0
"Census Tract 4961.02, Allegheny County, Pennsylvania",4369,2115,2254,47.4,61231,42,3,496102,0.48409247,0.51590753,32.3,2121,95.9,89.9,6,0.8,0.6,0
"Census Tract 4962, Allegheny County, Pennsylvania",5724,2489,3235,44.5,51250,42,3,496200,0.434835779,0.565164221,27.8,2541,92.6,85,7.7,0.5,1.3,0.9
"Census Tract 4970, Allegheny County, Pennsylvania",1040,572,468,49,54833,42,3,497000,0.55,0.45,26.3,461,94.1,83.9,10.2,1.1,0.9,0
"Census Tract 4980, Allegheny County, Pennsylvania",2554,1212,1342,45.9,51892,42,3,498000,0.474549726,0.525450274,28.4,1234,91.2,84.3,6.9,2.8,1.8,0.4
"Census Tract 4993, Allegheny County, Pennsylvania",1634,750,884,45,41992,42,3,499300,0.458996328,0.541003672,24.8,762,91.3,86.4,5,5.1,1.2,0
"Census Tract 4994, Allegheny County, Pennsylvania",2810,1401,1409,39.4,36413,42,3,499400,0.498576512,0.501423488,23.5,1178,80.8,75.4,5.4,4.2,11.1,0
"Census Tract 5003, Allegheny County, Pennsylvania",3754,1759,1995,42.4,44068,42,3,500300,0.468566862,0.531433138,28.8,1793,91.6,82.8,8.9,4.5,1.5,0
"Census Tract 5010, Allegheny County, Pennsylvania",1650,739,911,47,30324,42,3,501000,0.447878788,0.552121212,26.9,694,90.8,74.4,16.4,2.7,1.2,0
"Census Tract 5030.02, Allegheny County, Pennsylvania",6025,2718,3307,52.9,52075,42,3,503002,0.451120332,0.548879668,26.4,3011,91.8,81.9,10,2.8,2.7,0
"Census Tract 5041, Allegheny County, Pennsylvania",5381,2440,2941,39.3,39592,42,3,504100,0.453447315,0.546552685,29.2,2443,84.2,75.8,8.4,9,2.4,0
"Census Tract 5070, Allegheny County, Pennsylvania",2111,1024,1087,42.6,41081,42,3,507000,0.485078162,0.514921838,22.1,971,85.5,82.7,2.8,1.3,3,0
"Census Tract 5080, Allegheny County, Pennsylvania",1911,734,1177,35.6,25536,42,3,508000,0.384092098,0.615907902,29,565,84.4,67.3,17.2,6.9,3,0
"Census Tract 5094, Allegheny County, Pennsylvania",5292,2355,2937,40.9,33345,42,3,509400,0.445011338,0.554988662,26.4,2454,87.7,73.2,14.5,8,0,0
"Census Tract 5100, Allegheny County, Pennsylvania",1844,846,998,31.9,25697,42,3,510000,0.458785249,0.541214751,27.2,745,73.8,59.5,14.4,18.9,5.5,0
"Census Tract 5120, Allegheny County, Pennsylvania",2389,1166,1223,42.4,32190,42,3,512000,0.488070322,0.511929678,25.6,1175,82.2,66.6,15.7,8.1,0.4,0
"Census Tract 5128, Allegheny County, Pennsylvania",1478,642,836,36.9,19517,42,3,512800,0.434370771,0.565629229,33.2,426,68.1,55.2,12.9,29.6,0,0
"Census Tract 5129, Allegheny County, Pennsylvania",943,476,467,41.5,21500,42,3,512900,0.504772004,0.495227996,29,336,76.5,70.8,5.7,14.3,0.6,0
"Census Tract 5138, Allegheny County, Pennsylvania",1841,858,983,46.4,24551,42,3,513800,0.466051059,0.533948941,33,585,53.2,43.2,9.9,35.6,6.3,2.2
"Census Tract 5140, Allegheny County, Pennsylvania",2274,986,1288,32.3,25117,42,3,514000,0.433597186,0.566402814,35.6,872,60.3,48.4,11.9,30.5,5.4,0
"Census Tract 5151, Allegheny County, Pennsylvania",2671,1163,1508,38.8,34063,42,3,515100,0.435417447,0.564582553,32.4,1245,55.5,48.6,6.9,29.4,9.1,0
"Census Tract 5152, Allegheny County, Pennsylvania",2353,1008,1345,38.8,46304,42,3,515200,0.42838929,0.57161071,28.5,1301,69.2,62.8,6.4,19.8,2.8,0
"Census Tract 5153, Allegheny County, Pennsylvania",1728,783,945,43.7,27396,42,3,515300,0.453125,0.546875,24.4,738,58.7,56.8,1.9,23.8,7.5,0.9
"Census Tract 5154.01, Allegheny County, Pennsylvania",2141,1012,1129,42.2,55313,42,3,515401,0.472676319,0.527323681,27.7,1161,61.5,54.2,7.3,32.6,1.5,0
"Census Tract 5161, Allegheny County, Pennsylvania",1380,657,723,37.9,83203,42,3,516100,0.476086957,0.523913043,26.7,839,67.5,59.8,7.6,21.1,1.3,0.8
"Census Tract 5162, Allegheny County, Pennsylvania",1700,798,902,35,68333,42,3,516200,0.469411765,0.530588235,26.4,1017,81,74,7,11.2,0.6,0.6
"Census Tract 5170, Allegheny County, Pennsylvania",1674,847,827,50.6,31000,42,3,517000,0.505973716,0.494026284,23.9,800,73,63,10,20.3,3.4,0
"Census Tract 5180.01, Allegheny County, Pennsylvania",3294,1505,1789,52.4,80893,42,3,518001,0.456891318,0.543108682,29.3,1944,82.2,77.8,4.4,7.7,1.6,0.5
"Census Tract 5190, Allegheny County, Pennsylvania",2990,1375,1615,55.5,88605,42,3,519000,0.459866221,0.540133779,27.4,1524,88.5,78.5,10,2,0,0
"Census Tract 5200.01, Allegheny County, Pennsylvania",3131,1536,1595,51,57500,42,3,520001,0.49057809,0.50942191,31.6,1505,84.1,73.5,10.6,4,3.1,0
"Census Tract 5200.02, Allegheny County, Pennsylvania",3180,1623,1557,39.3,49663,42,3,520002,0.510377358,0.489622642,28.3,1653,87.4,74.1,13.3,5.3,0.6,0
"Census Tract 5211, Allegheny County, Pennsylvania",4548,2296,2252,42.6,72829,42,3,521100,0.504837291,0.495162709,27.6,2541,79.7,66.5,13.2,8.9,3.1,0
"Census Tract 5212, Allegheny County, Pennsylvania",4317,2186,2131,37.9,59712,42,3,521200,0.506370164,0.493629836,26.9,2285,93.1,80.4,12.6,3,0,0
"Census Tract 5213.01, Allegheny County, Pennsylvania",4258,1705,2553,44.2,36150,42,3,521301,0.400422734,0.599577266,27.8,1805,75.5,69.1,6.3,6.2,4.7,0.7
"Census Tract 5213.02, Allegheny County, Pennsylvania",4394,2153,2241,41.8,48794,42,3,521302,0.489986345,0.510013655,26.3,2043,81,70.4,10.6,4.7,6.5,0
"Census Tract 5214.01, Allegheny County, Pennsylvania",2773,1342,1431,49.4,55950,42,3,521401,0.483952398,0.516047602,30.6,1361,94.3,82.4,11.9,2.4,0,0
"Census Tract 5214.02, Allegheny County, Pennsylvania",3828,1969,1859,49.2,96897,42,3,521402,0.514367816,0.485632184,32.7,1962,90.5,81.7,8.8,3,1.4,0
"Census Tract 5215, Allegheny County, Pennsylvania",4213,2041,2172,48.8,61473,42,3,521500,0.484452884,0.515547116,29,2150,89.3,79.9,9.4,3.2,1.3,0
"Census Tract 5220, Allegheny County, Pennsylvania",3259,1485,1774,37.6,30902,42,3,522000,0.455661246,0.544338754,32,1437,81.6,76.5,5.1,9.3,1.6,1.7
"Census Tract 5231, Allegheny County, Pennsylvania",3793,1519,2274,46.6,45383,42,3,523100,0.400474558,0.599525442,29.8,1723,81.3,74.6,6.6,13.1,2,1
"Census Tract 5232, Allegheny County, Pennsylvania",4091,1758,2333,35.8,41282,42,3,523200,0.429723784,0.570276216,33.4,1977,77.7,63.8,13.9,17.4,0,0.6
"Census Tract 5233, Allegheny County, Pennsylvania",4074,1846,2228,45.2,51250,42,3,523300,0.453117329,0.546882671,29.2,1832,85,72.2,12.8,9.9,2,0
"Census Tract 5234, Allegheny County, Pennsylvania",4846,2057,2789,43.9,50337,42,3,523400,0.424473793,0.575526207,30,2633,83.1,71.2,11.9,10.1,2.2,0
"Census Tract 5235.01, Allegheny County, Pennsylvania",4733,2330,2403,44.6,50679,42,3,523501,0.492288189,0.507711811,31.2,2196,86.4,76.9,9.5,5.5,1.6,0
"Census Tract 5235.02, Allegheny County, Pennsylvania",1479,607,872,43.8,33056,42,3,523502,0.410412441,0.589587559,23.2,727,93.7,83.2,10.5,2.2,1.1,0
"Census Tract 5236, Allegheny County, Pennsylvania",4879,2282,2597,47.8,66996,42,3,523600,0.467718795,0.532281205,26.2,2398,87.2,83.8,3.4,2.3,1.3,0
"Census Tract 5237.01, Allegheny County, Pennsylvania",4195,2084,2111,47.1,53867,42,3,523701,0.496781883,0.503218117,31.3,2083,90.6,82.8,7.9,3.4,2,0
"Census Tract 5237.02, Allegheny County, Pennsylvania",5123,2302,2821,44.6,44347,42,3,523702,0.449346086,0.550653914,32.3,2793,87.2,83,4.2,4.5,2.2,0
"Census Tract 5238, Allegheny County, Pennsylvania",4860,2401,2459,50.7,51728,42,3,523800,0.494032922,0.505967078,29.6,2578,88,81.6,6.4,7.1,0.9,0
"Census Tract 5240, Allegheny County, Pennsylvania",2590,1298,1292,41.7,37857,42,3,524000,0.501158301,0.498841699,23.3,1280,85.5,73.8,11.6,6.1,5.8,0.4
"Census Tract 5251, Allegheny County, Pennsylvania",1972,861,1111,49.1,79926,42,3,525100,0.436612576,0.563387424,23.8,1202,82.9,76,6.8,3.8,4.8,0
"Census Tract 5252, Allegheny County, Pennsylvania",2254,991,1263,50.4,50288,42,3,525200,0.439662822,0.560337178,29.9,1092,86.6,76.4,10.3,4.5,2.3,0
"Census Tract 5253, Allegheny County, Pennsylvania",2194,999,1195,46,62460,42,3,525300,0.455332726,0.544667274,25.3,1041,92.7,85.5,7.2,1.5,3.3,0
"Census Tract 5261.01, Allegheny County, Pennsylvania",7063,3373,3690,48.8,90256,42,3,526101,0.477559111,0.522440889,32.2,3598,93.3,87.4,5.9,1.2,0.1,0
"Census Tract 5261.02, Allegheny County, Pennsylvania",2159,1044,1115,44,61818,42,3,526102,0.483557202,0.516442798,26.2,1001,95.8,90.5,5.3,0.4,0,0
"Census Tract 5262.01, Allegheny County, Pennsylvania",3719,1728,1991,46.1,71296,42,3,526201,0.464641033,0.535358967,28.1,1868,93.1,82.8,10.3,2.9,0.3,0
"Census Tract 5262.02, Allegheny County, Pennsylvania",4676,2309,2367,44.2,67557,42,3,526202,0.493798118,0.506201882,26.5,2309,91.9,90.3,1.7,2.9,0.6,0
"Census Tract 5263.01, Allegheny County, Pennsylvania",4525,2216,2309,42.8,68787,42,3,526301,0.489723757,0.510276243,31.2,2221,91.6,86,5.5,4.8,0,0.4
"Census Tract 5263.02, Allegheny County, Pennsylvania",5332,2542,2790,39.6,64647,42,3,526302,0.476744186,0.523255814,29,2961,91.6,84.8,6.8,3.2,1.4,0
"Census Tract 5509, Allegheny County, Pennsylvania",1725,882,843,42.5,20222,42,3,550900,0.511304348,0.488695652,30,503,66.6,61.6,5,24.9,6.2,2.4
"Census Tract 5512, Allegheny County, Pennsylvania",3597,1475,2122,38.8,21441,42,3,551200,0.410063942,0.589936058,23.2,1342,84.4,77.9,6.5,8.1,5.7,0.5
"Census Tract 5513, Allegheny County, Pennsylvania",2638,1254,1384,53.1,50700,42,3,551300,0.475360121,0.524639879,29.3,1520,92.6,88.8,3.8,0,1.9,0
"Census Tract 5519, Allegheny County, Pennsylvania",1622,703,919,43.8,13353,42,3,551900,0.433415536,0.566584464,38.3,602,49.5,35.7,13.8,31.9,15.6,0
"Census Tract 5520, Allegheny County, Pennsylvania",2602,1329,1273,35.7,36144,42,3,552000,0.510760953,0.489239047,32.9,900,85.7,71.6,14.1,6.1,3,0
"Census Tract 5521, Allegheny County, Pennsylvania",1490,641,849,50.9,15137,42,3,552100,0.430201342,0.569798658,18.8,255,42.7,31,11.8,41.2,3.1,0
"Census Tract 5522, Allegheny County, Pennsylvania",846,376,470,53.2,24688,42,3,552200,0.444444444,0.555555556,29.1,401,79.6,72.8,6.7,6.2,11,1.7
"Census Tract 5523, Allegheny County, Pennsylvania",2205,1051,1154,37.4,22659,42,3,552300,0.476643991,0.523356009,23.8,698,73.8,63.8,10,17.9,1.9,0
"Census Tract 5524, Allegheny County, Pennsylvania",2804,1284,1520,43.6,38750,42,3,552400,0.457917261,0.542082739,26.9,1241,93.5,86.9,6.5,0.9,3.9,0
"Census Tract 5604, Allegheny County, Pennsylvania",1737,789,948,38.6,29971,42,3,560400,0.454231434,0.545768566,24.7,873,38,33.6,4.5,29.7,12.8,3
"Census Tract 5605, Allegheny County, Pennsylvania",2353,990,1363,36.1,53059,42,3,560500,0.420739482,0.579260518,25.1,1555,67.7,63.5,4.2,22.9,1.3,0.6
"Census Tract 5606, Allegheny County, Pennsylvania",1005,457,548,35.3,25750,42,3,560600,0.454726368,0.545273632,26,366,37.2,33.6,3.6,43.4,6.8,1.1
"Census Tract 5610, Allegheny County, Pennsylvania",1424,758,666,29.1,31585,42,3,561000,0.532303371,0.467696629,28.5,576,58.3,41,17.4,29.7,7.6,0
"Census Tract 5611, Allegheny County, Pennsylvania",867,392,475,36.8,20262,42,3,561100,0.452133795,0.547866205,34.6,200,55.5,31.5,24,43.5,1,0
"Census Tract 5612, Allegheny County, Pennsylvania",1329,611,718,34.8,32054,42,3,561200,0.459744169,0.540255831,21,497,48.5,46.9,1.6,34.4,16.9,0
"Census Tract 5614, Allegheny County, Pennsylvania",4171,1724,2447,44.5,34147,42,3,561400,0.413330137,0.586669863,30.7,1795,66.1,56.9,9.2,25.7,0,0
"Census Tract 5615, Allegheny County, Pennsylvania",2911,1247,1664,50.3,29091,42,3,561500,0.428375129,0.571624871,31.2,1297,59.8,53,6.8,25.6,3,0
"Census Tract 5616, Allegheny County, Pennsylvania",2131,993,1138,32,37586,42,3,561600,0.465978414,0.534021586,27.4,1089,73.2,56.7,16.4,16.1,3.9,1.4
"Census Tract 5617, Allegheny County, Pennsylvania",890,424,466,32,37000,42,3,561700,0.476404494,0.523595506,31.9,340,75.3,62.4,12.9,22.9,0,0
"Census Tract 5619, Allegheny County, Pennsylvania",2581,1319,1262,48.4,27308,42,3,561900,0.511042232,0.488957768,29.5,759,76.9,68.2,8.7,12.9,5.5,4.1
"Census Tract 5620, Allegheny County, Pennsylvania",2705,1341,1364,27.7,19483,42,3,562000,0.495748614,0.504251386,19.2,1327,25.7,25.7,0,16.2,53.7,0
"Census Tract 5623, Allegheny County, Pennsylvania",3831,1727,2104,40.5,14263,42,3,562300,0.450796137,0.549203863,26.6,948,76.6,57.1,19.5,9.5,6.2,0.7
"Census Tract 5624, Allegheny County, Pennsylvania",2741,1406,1335,49.2,38750,42,3,562400,0.512951478,0.487048522,27,1430,59.9,51.9,8,28.3,4,0
"Census Tract 5625, Allegheny County, Pennsylvania",2996,1549,1447,35.3,29375,42,3,562500,0.517022697,0.482977303,25,1254,90.8,67.5,23.4,8,0.6,0.6
"Census Tract 5626, Allegheny County, Pennsylvania",2617,1318,1299,32.8,32869,42,3,562600,0.503630111,0.496369889,21.8,1118,82.3,72.3,10,9.4,2.6,0
"Census Tract 5627, Allegheny County, Pennsylvania",1758,969,789,31.1,37386,42,3,562700,0.551194539,0.448805461,24,1117,44.7,37.8,6.9,17.2,32.2,2.5
"Census Tract 5628, Allegheny County, Pennsylvania",1647,781,866,36.8,42946,42,3,562800,0.474195507,0.525804493,21.7,830,78.9,68.8,10.1,14.8,2,0
"Census Tract 5629, Allegheny County, Pennsylvania",1908,977,931,41.1,36750,42,3,562900,0.512054507,0.487945493,27,853,83.7,63.4,20.3,11.6,1.4,0.5
"Census Tract 5630, Allegheny County, Pennsylvania",3116,1430,1686,35.3,61318,42,3,563000,0.458921694,0.541078306,25.8,1741,79.8,72.5,7.3,17.4,0,0.3
"Census Tract 5631, Allegheny County, Pennsylvania",3938,1811,2127,36.4,53184,42,3,563100,0.459878111,0.540121889,25.4,2005,78.5,64.7,13.7,15,1.7,0
"Census Tract 5632, Allegheny County, Pennsylvania",2160,1248,912,44.3,30394,42,3,563200,0.577777778,0.422222222,22.7,1246,49.2,46.1,3.1,7.2,30.7,1.5
"Census Tract 5633, Allegheny County, Pennsylvania",1401,681,720,47.5,153750,42,3,563300,0.48608137,0.51391863,29.5,681,91.3,85.5,5.9,0,0.6,0
"Census Tract 5638, Allegheny County, Pennsylvania",3616,1610,2006,54.8,74345,42,3,563800,0.445243363,0.554756637,24.4,1490,88.3,80.3,8,2.8,2.2,0
"Census Tract 5639, Allegheny County, Pennsylvania",3979,1820,2159,45.5,51555,42,3,563900,0.457401357,0.542598643,29.1,2052,87,81.8,5.2,5.5,1.4,0.1
"Census Tract 5640, Allegheny County, Pennsylvania",5949,3076,2873,41.1,64505,42,3,564000,0.517061691,0.482938309,24.5,3143,96.2,93.7,2.5,0,0.3,0
"Census Tract 5641, Allegheny County, Pennsylvania",914,434,480,49,131875,42,3,564100,0.474835886,0.525164114,27.9,498,83.7,79.1,4.6,3,3,0
"Census Tract 5642, Allegheny County, Pennsylvania",2212,1035,1177,53.2,57857,42,3,564200,0.467902351,0.532097649,29.5,1112,90.6,84.5,6,3.8,0.2,0
"Census Tract 5644, Allegheny County, Pennsylvania",5508,2847,2661,46.9,44298,42,3,564400,0.516884532,0.483115468,30.8,2706,90.6,75.9,14.7,4,2,0.1
"Census Tract 5645, Allegheny County, Pennsylvania",2984,1467,1517,45,64456,42,3,564500,0.491621984,0.508378016,30.5,1436,91.7,84.1,7.6,5,0.3,0
"Census Tract 9800, Allegheny County, Pennsylvania",257,137,120,31.9,101917,42,3,980000,0.53307393,0.46692607,30.3,176,97.7,90.3,7.4,0,0,0
"Census Tract 9801, Allegheny County, Pennsylvania",26,26,0,45.5,-666666666,42,3,980100,1,0,-999999999,17,100,23.5,76.5,0,0,0
"Census Tract 9803, Allegheny County, Pennsylvania",0,0,0,-666666666,-666666666,42,3,980300,#DIV/0!,#DIV/0!,-666666666,0,-666666666,-666666666,-666666666,-666666666,-666666666,-666666666
"Census Tract 9804, Allegheny County, Pennsylvania",0,0,0,-666666666,-666666666,42,3,980400,#DIV/0!,#DIV/0!,-666666666,0,-666666666,-666666666,-666666666,-666666666,-666666666,-666666666
"Census Tract 9805, Allegheny County, Pennsylvania",17,13,4,68.9,-666666666,42,3,980500,0.764705882,0.235294118,-999999999,9,44.4,44.4,0,0,0,0
"Census Tract 9806, Allegheny County, Pennsylvania",4,0,4,-666666666,-666666666,42,3,980600,0,1,-666666666,0,-666666666,-666666666,-666666666,-666666666,-666666666,-666666666
"Census Tract 9807, Allegheny County, Pennsylvania",14,5,9,25.6,-666666666,42,3,980700,0.357142857,0.642857143,-999999999,14,64.3,64.3,0,35.7,0,0
"Census Tract 9808, Allegheny County, Pennsylvania",0,0,0,-666666666,-666666666,42,3,980800,#DIV/0!,#DIV/0!,-666666666,0,-666666666,-666666666,-666666666,-666666666,-666666666,-666666666
"Census Tract 9809, Allegheny County, Pennsylvania",1931,1931,0,36.2,-666666666,42,3,980900,1,0,-666666666,0,-666666666,-666666666,-666666666,-666666666,-666666666,-666666666
"Census Tract 9810, Allegheny County, Pennsylvania",0,0,0,-666666666,-666666666,42,3,981000,#DIV/0!,#DIV/0!,-666666666,0,-666666666,-666666666,-666666666,-666666666,-666666666,-666666666
"Census Tract 9811, Allegheny County, Pennsylvania",5,0,5,-666666666,-666666666,42,3,981100,0,1,-999999999,5,0,0,0,0,100,0
"Census Tract 9812, Allegheny County, Pennsylvania",0,0,0,-666666666,-666666666,42,3,981200,#DIV/0!,#DIV/0!,-666666666,0,-666666666,-666666666,-666666666,-666666666,-666666666,-666666666
"Census Tract 9818, Allegheny County, Pennsylvania",297,140,157,19.7,18750,42,3,981800,0.471380471,0.528619529,-999999999,70,20,20,0,0,68.6,0
"Census Tract 9822, Allegheny County, Pennsylvania",4742,1958,2784,19.3,16250,42,3,982200,0.412905947,0.587094053,12.1,1024,11.6,6.7,4.9,14.4,65.4,0.8